ID,Target
Id_r90136smvl,0.8027620167556927
Id_wawdqhmu6s,0.20391764378481247
Id_ap2czff2bu,0.16104391901722032
Id_uhgink7iha,0.21309803565176078
Id_5j6bzk3k81,0.12652828823855003
Id_r1njgsuhs9,0.1682613537332734
Id_d9n59ghzjb,0.36027673531026494
Id_vzab7oazqr,0.35893911470113943
Id_nefqci92p8,0.135926109389636
Id_qqrnnetvxv,0.1512905526658187
Id_7w2fd5w86s,0.13543905677605228
Id_pzpuicll9c,0.13510308570770146
Id_st3is8bql2,0.13718151748090845
Id_qs1zt43xvu,0.1763709269931939
Id_9cu0vdzh1m,0.28693428381533304
Id_poxmo2d4pe,0.6402845227864479
Id_lkbh7wwizt,0.23426271463811335
Id_o33z7do9gv,0.4253699489510603
Id_2g0jvhjt7m,0.3643318926068908
Id_a8coh9dw38,0.28492918932045797
Id_2qj0ah1psu,0.2122121136066324
Id_kpvmehnz28,0.08009545004006886
Id_mgltuwq5z6,0.779505572472687
Id_d4og0tu3n8,0.7930665126107015
Id_yufvflupuk,0.3986686732892117
Id_u0whg32wag,0.34675898565505753
Id_xt0ryw5lj3,0.3047290371697396
Id_b16iwbgm7h,0.38522939422423
Id_rw1mzpkmbh,0.1658366099967352
Id_dh12ciw7aj,0.21756453772521728
Id_ucc8nen4br,0.19312151511149808
Id_zabfn6r9hy,0.36893583972312494
Id_9316s6vbdf,0.13267366877346232
Id_qj48ua0e71,0.12632335107496767
Id_iev9vrtvwh,0.18343477607289407
Id_gta8cmufua,0.3021415115955073
Id_zd7zmjgmlh,0.19570192455711244
Id_9xsxi3zkds,0.1364040654222796
Id_vor2e80rle,0.17237718439666694
Id_81faoo7jtd,0.1510841163940074
Id_t8cshwbsx1,0.11037012307643725
Id_ce7987x9yb,0.11119063907146404
Id_vwbab4cxdn,0.2839833484756378
Id_wlhdmq0y8v,0.15281512789831186
Id_ijbnb5l2r7,0.18178140109223728
Id_291krf6edr,0.17883921639199737
Id_li6hmy2e8y,0.364228803982056
Id_ugqu9wfir4,0.1994733758521914
Id_5mvhlc4oto,0.31017857801988197
Id_omktaezr3k,0.18792181294572402
Id_mp2omgupeg,0.7796806367408595
Id_guxs9a9rp8,0.18571717818888678
Id_owwgvlhtm2,0.2305839423954956
Id_2phe5bonhr,0.3103608357099727
Id_wxujl0skjo,0.1340043283943762
Id_ezcagqsdoh,0.1371291611820235
Id_3ojndwyspm,0.3530328276401323
Id_di8dup17uk,0.16659143749706648
Id_2s9fwx18nt,0.2943179415024957
Id_gw0p5veuf2,0.16985164133700625
Id_ul54vz814d,0.21157074960694316
Id_fk01mum0zb,0.7474896666216089
Id_i5ho67pyep,0.20710146090530074
Id_04whybbwpy,0.19315088954687462
Id_0qijiqqjfw,0.8030616043108039
Id_ib78u6d1u5,0.32399175693997767
Id_wil30h6uqo,0.1805431276384301
Id_gco4s6s0y0,0.12245518740247771
Id_i2zt2wyw67,0.1182978547353329
Id_u6qzopxfoo,0.20131808985811406
Id_9qhc9jmlw5,0.15282025582760797
Id_3hqg13lpub,0.15728897580141696
Id_xg69jmr988,0.15740033297984873
Id_uf4nopfet5,0.13621324070330695
Id_nvu0rx02yq,0.16544349308568215
Id_wpetow3d86,0.12261705242101532
Id_0b6micntbf,0.3623760624547803
Id_t2hpqyerdd,0.18678100943463702
Id_9w39fssh0z,0.12387561055591567
Id_izf7avuyof,0.17540918223204024
Id_horgi1i0h5,0.8054174261234658
Id_c1ck3oamtf,0.20459956972082718
Id_b97f46dlm4,0.14475514253416497
Id_e7jnyu9nio,0.15424611948288366
Id_6jis2dwfpf,0.1612187370554242
Id_cwfw3jz8mn,0.12384544263395082
Id_ckz41r5xnd,0.1593505572995222
Id_0lddi6fymp,0.36097939959756487
Id_qb6cvsj6d1,0.12535057493740356
Id_mevy3q7025,0.30637175414777357
Id_4f18c92qin,0.17816019533585883
Id_70u1j9yxhw,0.1949011259676643
Id_gmoiyj02t8,0.18234502102936345
Id_eui0etibtj,0.13858859611220364
Id_ml0shy5ndd,0.1688866723027078
Id_ec2sjwcz91,0.14463134268384048
Id_rjahjm0hug,0.21352708578305069
Id_abyqg3tash,0.14089435416148993
Id_lzos5ypdrm,0.22602385739038688
Id_kdvnff0zsh,0.7582890969850233
Id_86b4m22rpu,0.1856659543572344
Id_x2hp46jgt7,0.15346460586720637
Id_zpp3md8ezd,0.2011205429669406
Id_e3b7m1pivk,0.3042153002948774
Id_ylj1j29c2t,0.18119796096756485
Id_4mqpa30io0,0.30986277396108497
Id_gb6gbddvde,0.18419850488006115
Id_33q9kspnhl,0.1499238920939375
Id_spcfhi9ani,0.8114037125295601
Id_3xhfl2dkwc,0.11217055163040161
Id_capl79l0ck,0.18781824940598246
Id_hize5ozuc7,0.19110739695073964
Id_9e595qehvb,0.22672257568129883
Id_mv3bdtgvrm,0.37608809675553034
Id_sh6y5sognb,0.3358719409004561
Id_otoztzpre0,0.1710027353441584
Id_7lrax702sw,0.30583740472470183
Id_2yyc8cscz1,0.1443671945566169
Id_hko3gz0dk7,0.727383304966331
Id_wk20cknod9,0.18576241071560173
Id_v021qhmpjd,0.3090268549399548
Id_hqsrc0tikc,0.1553140449543444
Id_c4emke5y04,0.3139961056937572
Id_t3352uxc4i,0.12407290837605281
Id_5z20x5e83v,0.4426317326622402
Id_qdcud0yly8,0.35980674742039725
Id_ww8zw7ae8a,0.14396652129221654
Id_1y41yyh09p,0.21110619703292127
Id_6gmks7pmqr,0.15697659003278727
Id_hm2hws8vmx,0.31047371431844945
Id_ffwi6hx95x,0.14964679306866369
Id_wp4xaj2x44,0.14941055429050543
Id_q9w6fjzuva,0.24228669496034339
Id_4hi7as50nt,0.1299079585860559
Id_e9mdtbubkh,0.11613165581849196
Id_if24ufm5uj,0.1905486440384802
Id_68ii10j2y5,0.15565844665665865
Id_cba8vbwfcd,0.3869961920914154
Id_5va26rv1po,0.185518911316094
Id_h2u5uz2c1i,0.11077663186257705
Id_oi4y3y2j24,0.44195556741770825
Id_if7xxvy5sy,0.3701153117765761
Id_ul1tzww8yo,0.39787465209662776
Id_g1zdjwg70b,0.3475534479460299
Id_ymo26re9kq,0.25448397993892935
Id_7i4g0dgq3g,0.17956188883990026
Id_dtd4wertk3,0.1900132037717449
Id_eduju9teke,0.3224074651477111
Id_qua5ppnddr,0.20361575675859897
Id_pgaf0nxrml,0.1699690836549509
Id_mfkzmksvk8,0.37193677778644785
Id_xae7uo6rns,0.19288669916706414
Id_bg0pf0x0c9,0.19172977652725204
Id_gqy88jh41f,0.30877327718885755
Id_dulraax74m,0.30317068967449573
Id_br9w5vf3nt,0.13986554623643654
Id_hm4k3ett7c,0.18770499611156766
Id_3wbyw2qsxx,0.35272445163295274
Id_nhc76gnpfv,0.2701922196299337
Id_g37tyo68ez,0.2101377975769857
Id_doy6wdfgwc,0.7930723204093035
Id_x9qspakya3,0.1719233809471184
Id_y5ylohb28f,0.16048982179052804
Id_3s41c0mnx9,0.19402108186549408
Id_k0kz9yhugx,0.18087959960530736
Id_akzn45zxlg,0.20585403431518878
Id_bok3v4meui,0.35767190244885455
Id_ewblr4rd31,0.17143504422183753
Id_1f4emlzfpy,0.1699005102709468
Id_zac62lf0f4,0.6087127655098079
Id_ees03xjmrh,0.1646028088674371
Id_j8hi427a46,0.19273167338673608
Id_nozkcs7twh,0.16575145117548554
Id_93odriaiv1,0.3368812408380761
Id_y62g1mck08,0.14351108246728075
Id_6afxcktqw3,0.18208593784165517
Id_08vy6pqpmv,0.7470088753979043
Id_tc3tuj0fq5,0.18577110609837194
Id_p3i0pqdgzx,0.1506177821613001
Id_f1juue66su,0.3027387507694582
Id_xf03jzli4e,0.7379100593218544
Id_xtkx7l92kq,0.19211654743106
Id_ates45a2p2,0.3007730932171273
Id_i69rsluhrn,0.14147078182533376
Id_obbeglowd7,0.13707087803752693
Id_76sff0ftwb,0.23936776694841197
Id_k1wvzkeibg,0.13562289440557992
Id_cvppcu9dtk,0.3559084154624751
Id_p21trnlm74,0.49775500213062246
Id_x3003erpfp,0.10851051987500065
Id_efdwgqd7ql,0.23140357309328585
Id_lhsftcq0qj,0.191908077358833
Id_9w6y4d0f27,0.3397575098640803
Id_jje2dldxrq,0.3503602043131418
Id_8g7mpx73iu,0.2761522637588197
Id_ystdo3wigm,0.308506110881008
Id_ywwcb8ps97,0.1577251521243967
Id_8ez4xscjos,0.8047689635485387
Id_2jf4w4j44j,0.28838722985289367
Id_vxay7eegbi,0.1668367431872154
Id_px50ejj10r,0.15406071391754728
Id_tfgb0tyrty,0.31680631406206894
Id_mthugifxui,0.16401488272764728
Id_com4svhopi,0.4519960887009163
Id_mm2lhjym5t,0.39868684850575353
Id_g3g104pqzd,0.28192377735838803
Id_1jffeuc1dj,0.14177377543905423
Id_rhc2kl5g55,0.17257821417585198
Id_am02p2tzuy,0.17940971090218613
Id_regox32zxq,0.24238038643986098
Id_6kf048eavy,0.13591346935891477
Id_omknpzp2ak,0.14746786887414504
Id_cenkqwdm7l,0.0959206601283561
Id_ewipl8qtuw,0.7199550058983213
Id_8577gbn0e7,0.8133632942358326
Id_7om3250j9e,0.24753275303211209
Id_xeuoeg20r1,0.23969497100652565
Id_yvcri3cmts,0.7916588555395407
Id_v7b4ypc0ij,0.149538192907957
Id_dwuchnvp2o,0.3030984097470398
Id_m01a2wvxpr,0.2158173984959598
Id_zm6vqjc3s4,0.3686579385526339
Id_lts8qj5gtt,0.30452746222341537
Id_d57wdfouya,0.1918145300267778
Id_lp9rw55nuq,0.35561551098060773
Id_kz201ybqy4,0.1739540787759717
Id_bdapa7dbnr,0.11462139081106555
Id_cku4oys9ly,0.3580724702894894
Id_9imcpw90ws,0.1495521734828966
Id_lg5hmsjw0w,0.156642271381074
Id_n2zxyp8ozp,0.1903566745731487
Id_2dw9p45brs,0.09146736116225311
Id_fullxeblop,0.35451692603138546
Id_hn6w1c50jg,0.1550389745617421
Id_202mo7k18v,0.3032123491568102
Id_35iylanft2,0.13730084724686717
Id_22rckhfu74,0.15509117336626013
Id_05enka6e6k,0.3157260542698465
Id_pa42qrnqsu,0.23192213610106155
Id_2wyft9kpo6,0.38670082009955675
Id_i7wm3hgav7,0.15258649019579962
Id_g3g4yng0cp,0.7910975455698118
Id_xkycggq6zr,0.15719126242885598
Id_hry70yghdi,0.7900603379543188
Id_7fe7yhjh8a,0.31909272712158393
Id_q8vp7a6kvh,0.2982849114183516
Id_hn7eljea0c,0.13645674780523892
Id_cu46z0wtbn,0.15158630267324594
Id_kf49u2owj9,0.31168240622144844
Id_cwuqv2hemn,0.2374708394805352
Id_uuoplcjhik,0.1889578915169758
Id_xwef9758c0,0.7866464223337032
Id_bbdpuc13mt,0.183324554779699
Id_qm5zbv3dqs,0.20144804843832267
Id_xc458zxp8n,0.19438702050553425
Id_5dlzzvzu7z,0.7251930824726738
Id_vvh9x2jhmz,0.19848063491031082
Id_a3lsvoib9e,0.18990011971325008
Id_eqm83ic4m9,0.18206397014895764
Id_xy20frex7o,0.4096859542054318
Id_0d0fcqrqiz,0.19155456286046144
Id_i6wj4m9x2n,0.15575262454722608
Id_puhqi47sl7,0.2035304570204031
Id_fzd6uelqdt,0.15732850762416592
Id_dapxuyl0kv,0.16538613819645506
Id_3688t4ltez,0.34771484189121005
Id_6ydbe8k1k0,0.33736447575058276
Id_nrqsdlmxxh,0.8079290853957118
Id_mxn6qtsna1,0.142600086668188
Id_ml1zx0y5gl,0.10220140474323744
Id_fhkjr8dykn,0.1864315561411771
Id_n5sq52hdoj,0.08725217240148885
Id_0uxhybtjl5,0.7516018248047875
Id_kzh96q88bd,0.12403073729703688
Id_yaqxnrvpyo,0.3580319910779332
Id_15qd9nbtr6,0.16205116265491484
Id_x3vu0lmdqz,0.3098447124935694
Id_s1sfh8q0sm,0.3096797338813033
Id_j39rsaxv9x,0.16404206423291945
Id_ev1om3wblh,0.3674915050731069
Id_b5wmhiambg,0.16790063992234658
Id_8dsaqx95t7,0.3555268454216238
Id_ck3rnbfyjh,0.20491808667036576
Id_3dzfgus94r,0.1636819712585432
Id_hj5xxk235f,0.13794832743566965
Id_hi2aqujzip,0.13753169847955507
Id_v3uyrexc6m,0.31661465749968104
Id_huysuslo7o,0.17957934842915624
Id_9esczul5fq,0.27271254146387347
Id_brx4sdpwsz,0.2770167533115272
Id_wnc5dh98ow,0.3597803222414306
Id_bkrytf6qpo,0.7994810774392285
Id_zuxemjeq2j,0.1794816554368281
Id_zh1vstq7xy,0.19602496704745906
Id_njjyxihirh,0.13114252416914593
Id_22hadf3npm,0.2798286612675349
Id_621yyrkbc7,0.30300123961995706
Id_3yod0o903z,0.13332831962636604
Id_f6thdicfx1,0.1911741040772982
Id_cfxbc8mxa6,0.7939011459395182
Id_t393kw7t4u,0.1187089263355297
Id_oikc88k6ov,0.12363451308386857
Id_mk1iyktjj3,0.3827233493078333
Id_ukmg1fe4sl,0.11979250060671331
Id_fiuzxwgwzi,0.1181970002604907
Id_e9t73zgn0x,0.21375559231800095
Id_igjbc2jy5h,0.35565182728139677
Id_fiav3fj5n5,0.1492470192252176
Id_f61doydnaq,0.19246330245281806
Id_cvoeaetwe4,0.30821474025555473
Id_9ldafk3nlj,0.3134262544423001
Id_exyiv8agqe,0.1346985095410386
Id_b5ywcspu1f,0.3653376353813914
Id_0g3knr7fvs,0.14971438183734354
Id_15al9kmkcd,0.3696286038335166
Id_7ab67qxfiv,0.38224490860433646
Id_z3qdnmn9q3,0.2747554406120205
Id_305ozjzlmz,0.14569591161563938
Id_709j8qrxat,0.15914143814426127
Id_haeujusld6,0.7828953692163286
Id_96borhxbpv,0.13798084905439142
Id_ro2jwdd5uy,0.23790208221945786
Id_1tcfd92lk2,0.34641971067352173
Id_pbox0fm3u1,0.12775680964225422
Id_ihiolzdxna,0.18260212652556995
Id_579iqpzqyj,0.13528463582519687
Id_2r1y11q0wg,0.12008426705933051
Id_7ak4adbl14,0.8034370816153051
Id_g0u6gnx5nw,0.30830083368851224
Id_pn7b3mle90,0.8113602085109572
Id_da6ucbymhn,0.1544149574484378
Id_71takmxtrb,0.24453139994271944
Id_nkydwcxn12,0.3302805926105016
Id_iyfanduv8b,0.2881311378639384
Id_24c1l1s9zx,0.24740939967065714
Id_437ct6woog,0.33068138336443553
Id_v27wecgq4s,0.21633565442451164
Id_9axn3nt95a,0.7355716220954241
Id_qrq5r4b5dm,0.18686743224731464
Id_x5tnpkztq1,0.11221971204427236
Id_nztfqrdo22,0.30832578706710106
Id_7552lew1q1,0.2511185284789131
Id_jrqihfiq2h,0.1443594767514569
Id_b50jkim5jh,0.1725406715146682
Id_thgq2lugpt,0.7610530544401837
Id_p97gank3cu,0.3398661640820898
Id_8xszxps51i,0.18564829967195684
Id_tkjcu68b01,0.30999255329464054
Id_8w8v64w1f8,0.31103780898229355
Id_9j6oz47vrp,0.7890730008387682
Id_v54hrl88y4,0.7815542538791672
Id_guwgy0cwxr,0.15686339489214304
Id_uhcxp80o0x,0.4035186071559649
Id_97cyn3fkhz,0.2733816048437934
Id_flag8ua59u,0.10107330445093358
Id_lzokvnie26,0.16039859555770777
Id_n4smd098fw,0.27682628906082546
Id_7vzcodqv1j,0.19556769110332312
Id_dy3havgfuv,0.16043820671835288
Id_2fidc6cwxn,0.33906724802047367
Id_dy472n1q3i,0.3101590399937366
Id_2zt6m5f4bk,0.7974879317824527
Id_abbnvg2xjt,0.12447981980361528
Id_719gfq4bbi,0.42229656030314616
Id_yfqugxq06s,0.18857508838335751
Id_vu6u2fxprn,0.7573032388096599
Id_njn0ugszro,0.25949713326204205
Id_kppmeqk94s,0.12022137903620622
Id_4sdwxg4xnm,0.2778862313985856
Id_jt7uxijhw0,0.21558697671961802
Id_4x8raqjq7i,0.18070630812357616
Id_oyv68u1dkm,0.3506057381715141
Id_dbjse28978,0.17751478184121441
Id_ch330vmids,0.1549759890915602
Id_vao287hv1f,0.24666658163225527
Id_nxhzqujll0,0.3372715456449764
Id_h890qicmt0,0.16203457871806815
Id_y4dq6mmmjf,0.18075312814442093
Id_7wr8uj9wpr,0.2018662436295889
Id_g01k9ahzh3,0.3172533057128432
Id_8lo88bta3q,0.7826997692949367
Id_6obelhudu6,0.3423816396622715
Id_kftu3l7kkd,0.1510816700039039
Id_m8ypin55mz,0.14033070993752145
Id_u1ud8oazwu,0.1755612560794232
Id_1bmknryhxc,0.25545842401667423
Id_s3u21bcs1c,0.2512671072448609
Id_163j6do8dt,0.3806305340233018
Id_oekesrl5t0,0.20419961405418455
Id_u7jkl2wpl0,0.3628447668211565
Id_11yb4rk8vf,0.147948501776418
Id_7y3m47la6q,0.13633849272179546
Id_7jp21wo3de,0.2498061840364449
Id_miynvej6a2,0.23148514452318078
Id_hfx1xp53p3,0.1300595282908011
Id_72uxatoazr,0.13263950362274707
Id_elioph6w1f,0.38541910180282635
Id_1ke76rdjje,0.3472018710131649
Id_t46minskam,0.11460516491018048
Id_z2c8otk2yi,0.3918247643029085
Id_q2uovpqmk6,0.14546651846466668
Id_3kka933aho,0.14823533997242738
Id_r4addjw4vt,0.14663335238083608
Id_83ogv0svuf,0.1438370337782559
Id_sbls3y3jvy,0.7647807035112648
Id_moi9rocisn,0.7893762666074964
Id_499rp0shg1,0.7768005875832489
Id_ts5usvwfm7,0.1613172838551531
Id_y781z197gs,0.12803075399317185
Id_ew2x9yz4vb,0.17112449099243215
Id_1ieb8g8r81,0.19206787501923234
Id_vquuzwxkik,0.2158696533805187
Id_ta4y7cah3j,0.3654686980444541
Id_wxdmdg9jrq,0.18881030707070628
Id_6ka99fa5no,0.3568419214709697
Id_q12cz2jc14,0.7606728828085566
Id_4w1htscb4b,0.35879108893156086
Id_rggoin2c2h,0.18030631602903133
Id_zsiel1ur1j,0.3642578036702838
Id_3l8s6ervkx,0.20913722691527417
Id_yazfl678oi,0.1783077949469967
Id_m5wcqlbcog,0.16378365162566408
Id_pndgc7t373,0.155500559956676
Id_1inopgvldd,0.7669960876290786
Id_1wfithj70z,0.8022538844433462
Id_v2xpbbokwo,0.7616920047100558
Id_12d1frupv6,0.24942908304859276
Id_pc3devko6x,0.17269785334897225
Id_yvfnf3q60v,0.3181469931626275
Id_homohwddj7,0.17925295458274768
Id_p5nvctj90i,0.8189957275771955
Id_x0ngpknxvm,0.19061717408279283
Id_zzhr5kss7u,0.288777047819678
Id_eizv1bpafl,0.09056832582411672
Id_tketya3hfr,0.26152369098554407
Id_liytd8x7gm,0.1905699569912188
Id_lc3hqzvi1x,0.15146338085445415
Id_igm4l77gpu,0.19135352550426976
Id_jsbg9ole3f,0.4056878080882646
Id_t5l5zo1kfq,0.19197829903004265
Id_goh7o5pwyv,0.15657084494971518
Id_l2s6fptvq8,0.35717112068419404
Id_yzhvn8vj9e,0.8113625030464204
Id_z47s7oahoq,0.17670499750203045
Id_30kc8ah8wl,0.16160764293886004
Id_lavsin2msb,0.18864468137681215
Id_wbbwoageaa,0.15340356056231053
Id_2ccffioleh,0.3210964281923993
Id_v61ik1uco2,0.28094225482483703
Id_rm03xq0505,0.31032596960071646
Id_x8gdvql2fg,0.3087532645677468
Id_iwjxxb9h34,0.27892074089798635
Id_c6pqbm2wyv,0.19450703745850542
Id_4vnrr3s4uy,0.12315885221769099
Id_ownel7ybnk,0.3837741687387269
Id_vj9dcqpu9e,0.35220034655160615
Id_iuzhycb1vq,0.7604498399123159
Id_spcat8solh,0.3903459296114978
Id_yvvmhb6w1e,0.10092116623825989
Id_6vvoczahnx,0.2112366126870252
Id_3dbjfbfs00,0.3012284421431721
Id_49pusliygy,0.39220589274634904
Id_nftpsfd9pk,0.20537127614603315
Id_m2s3otb4jj,0.20525499686135537
Id_aj8rsxem3u,0.6809803604948023
Id_ofbcp8wusw,0.11288113404758855
Id_jjnj2byia3,0.1319212151569259
Id_3kqkvikuvl,0.14835057672827526
Id_tsu6b1cq8p,0.1317765048686913
Id_v0nvzynpqm,0.8024799455709092
Id_j1opc4pyxd,0.7753180904508848
Id_i60entnyr2,0.14399892840961048
Id_77rsnxhav0,0.40051509040038125
Id_vsglsglgqw,0.3819500068305828
Id_uu9ehvzpq1,0.14466257990021217
Id_vk54crp1l4,0.32506563919081743
Id_vurpswv3mx,0.1511509974657787
Id_jfclrhuqma,0.17082491560123117
Id_mmb0y6hjco,0.19665599861105995
Id_pgajp6ywv5,0.18886025556788158
Id_62uu70ow4r,0.11905307208668703
Id_ep1sr4nzew,0.1802201406951234
Id_joim66605n,0.11133113372353655
Id_nodq5cuy4m,0.3105159992391882
Id_jhrgnstlo8,0.18803278708745316
Id_pj2uohkt3l,0.16757288411171992
Id_ooa89het6b,0.15833635339849855
Id_a4b308etct,0.18988647110858758
Id_qg1hnk0jh9,0.1408633787449796
Id_lpmhv9d5d1,0.19461901310331992
Id_422tq7oddx,0.2734809056942096
Id_kd9p7yir6y,0.312880238102159
Id_qfgs61fpzw,0.8165272636972467
Id_m1tmygaylx,0.25653735931424393
Id_f8iw4otgov,0.17013726206672963
Id_npm5q5nceu,0.19464362387424466
Id_w6lxqmo0gu,0.3962839748302738
Id_x5iqeru1x8,0.16976337516773835
Id_czubwoj7ev,0.3622176212093424
Id_p0u1ilaznb,0.3204153679617774
Id_hxf43uzsle,0.23687947487215713
Id_j3l7bpah5s,0.1475046388798236
Id_cj5zwtd6zu,0.22256966577678272
Id_m5tg7zu2oj,0.17017788495200645
Id_eybo8quh4q,0.7810260995639936
Id_6f76h9b2wa,0.7987761889219168
Id_f5jgdqn5c2,0.1595395948546302
Id_d5fz41i924,0.2914121902325478
Id_eccqcvvblc,0.11310443123229186
Id_8psqr36y02,0.36968913142507326
Id_tk9gdtvbjk,0.28197578043976085
Id_ryqyq8cjow,0.7908305171338479
Id_v9pywdes69,0.30460516257155057
Id_hyr36290f9,0.14704045913318314
Id_1xbftlpdhl,0.18274301236350707
Id_zxy18w1i78,0.18040583132069613
Id_pq9nq2lh61,0.10742913269102149
Id_2pxo6vqrhh,0.27037486725687715
Id_xoidbttxgu,0.7830420962147653
Id_39y1s17yu8,0.3261749509672582
Id_j4z5gcn38a,0.14777969043652192
Id_dgt0f8g6v9,0.23544124629229313
Id_x0l8xb11wn,0.3529570711793837
Id_ehy93j2yll,0.36665670879036905
Id_g9uo4tisls,0.17870321253658036
Id_w1is0lprul,0.22088007729776352
Id_7lj1tjq1qk,0.14912653897237202
Id_dfrgdn3df8,0.35409534645516794
Id_m3wfylfmze,0.1821433020749358
Id_ajoqcrxqll,0.13375841069979247
Id_fudnd5pxp4,0.1294781863391802
Id_ukeq77l5j3,0.3520245082433483
Id_d1d9bx35xv,0.15617481693176008
Id_yk55thl7ss,0.17528271579581048
Id_5skyiudw00,0.8144389132692718
Id_5g56ygxijd,0.17427488392279808
Id_vaf4522t6l,0.10547620259193524
Id_d4hwtrcf9y,0.7637277015722874
Id_r4wl346vyh,0.23574775230184675
Id_m7kpxmimht,0.31669000376978224
Id_0k0elxbf2q,0.4281432617504497
Id_sdvnioe4di,0.19358382353757053
Id_vrzsyxyppr,0.15251772280460024
Id_vgi4nzdmw6,0.3064255266774097
Id_tisuzjbvem,0.16799697632205504
Id_itotco83ch,0.1839030392484841
Id_ac2rnqxi02,0.17400061643757664
Id_3ph56e28f7,0.17900235490106042
Id_pmgaqihqu2,0.1477638928739899
Id_vyxgfiuwgx,0.19056986846349847
Id_gfr71u4frc,0.19113337729241076
Id_bpa5n8e8du,0.35905587187947086
Id_sxrcaq8e7j,0.15038184304892072
Id_p6hyhxyjgu,0.15559806389351816
Id_28l8ftnv6n,0.17981627808792527
Id_7l1xhhhuxo,0.2014146780058278
Id_85ymdirg05,0.18491715037833928
Id_3y6fo5wdfn,0.14229554800565394
Id_2huhneam6k,0.19295054605254092
Id_oqw1u49nlv,0.185533623618384
Id_oigbk11pvo,0.2979874554050876
Id_7yjooi5p7k,0.2175399682749765
Id_v0pui7hslo,0.14787145568879337
Id_2rca0nunlo,0.15407282554878213
Id_ddt54xuc20,0.15721329513798094
Id_18a40506ko,0.1963997904316128
Id_t5ujpo0isy,0.1217288329458245
Id_yakqrme1je,0.2324576180656524
Id_3q4y21ciis,0.13553344907485074
Id_9dczebw4q8,0.1465846701041541
Id_wwrkqix53m,0.18327809653540478
Id_6xwhl6stg5,0.15630831582097213
Id_ze86clhl8i,0.21021334647922393
Id_eidkgfmnms,0.19138268163122027
Id_ybmmyl9b2v,0.22909350569027873
Id_3ltlzi20th,0.13099801260049446
Id_gf1rbol0lr,0.20599596430254138
Id_912tii1shu,0.7994250852031531
Id_swgy10t1q3,0.12592822073306878
Id_weipxgsg6e,0.2987138975466653
Id_iyn6n465o5,0.12954437523811863
Id_68thyri47a,0.11708189097084691
Id_f6nxtd2zs9,0.31958672044582465
Id_fb2jnkslsl,0.1861975501328107
Id_xqvxr3k342,0.183333585582774
Id_esjmypg3bn,0.12146386748828603
Id_3yg0tc6v9w,0.3581678822688814
Id_du9euwc63f,0.21873839551944033
Id_faga8imfg5,0.17562864008135975
Id_6wvvy2qvsy,0.18027103287465873
Id_y9tcgpjgkw,0.31599647328398034
Id_0zja78viwr,0.19488818279396924
Id_35me5s5yvf,0.3045306665037364
Id_ix175ensij,0.3035586547237006
Id_n2zxmu7ra1,0.37197541408144913
Id_m8suo0zmki,0.1927486668803958
Id_wy2oxw7n6r,0.13382624964326245
Id_kuj2kag90c,0.1781917453509837
Id_td396iyygk,0.12782746366400077
Id_ucb53zt9tj,0.13064838813311325
Id_4hdsmg90hl,0.1330772151128338
Id_t69ym4q6dm,0.12524842075749165
Id_njapvhm019,0.1961492023150962
Id_snuijc58w2,0.1734698096832166
Id_txcj5rqwbq,0.11807163822628419
Id_p1fjjzl2x8,0.7914977335004353
Id_0dn7l3h91p,0.2077277535264026
Id_hzvstpxonl,0.24023022363716984
Id_rqokia7fqo,0.2964396213955512
Id_0ebo4xyc83,0.8084033610213759
Id_dua60u5h9k,0.7950811577295817
Id_q14lcr5y5l,0.3627788237027096
Id_1o0nts3955,0.12217344184892699
Id_54jht37a9a,0.3347250351776334
Id_pj4qgzfxma,0.17003495525242798
Id_x0lwfw7omd,0.11938190907374142
Id_aregt409q5,0.1472956395780183
Id_yqc16lvj7q,0.12289285373325201
Id_bya9lkmylx,0.10723863721674952
Id_l6jdqtgddq,0.3926322443497439
Id_ddt6pfv1hm,0.18056303651907205
Id_w4i6jq2b9o,0.17594413498223904
Id_9qfh2hulaw,0.3983216003497519
Id_ik4z1c052r,0.17899749230910486
Id_6p2rblsbkj,0.1526098967814534
Id_fs45ca34dz,0.3415337353610366
Id_z240vn4lrr,0.22894892226581479
Id_orl6nt19yk,0.1502754122123141
Id_yt6b754k6l,0.3960044878486135
Id_ja431y5ldo,0.26499705319742595
Id_nfqptndvg7,0.2385283885959552
Id_wohsfy1vk0,0.2188920403363201
Id_0wan1z7ylr,0.17565749738036449
Id_ji7rhas44s,0.3627069992721775
Id_3mkmnsmjsx,0.11442849105933853
Id_23xbq86rmi,0.2952733451268827
Id_tfw9caz6hw,0.21707812187756162
Id_7wuxjjf6jz,0.1637075830760819
Id_9nllh07a45,0.3173733679870238
Id_o379zlajhg,0.10550071360116503
Id_51bp7sl39b,0.14521684010495262
Id_6sjnt9ewkf,0.7819506101440133
Id_90g4n8so17,0.22056777985557635
Id_32zf56l9ce,0.350598717828251
Id_lpzyo9wovz,0.824978632121403
Id_zsurfh92rx,0.16839514378203024
Id_z1f2ofu2m7,0.31347785313848975
Id_wggs2pd689,0.4989960661448219
Id_12pix46sq5,0.2318741595152409
Id_d6dzxett5v,0.36287362101680914
Id_uibpdvcxxw,0.1750377714077164
Id_xcaf3403r3,0.2830947655732574
Id_0qkp6qkbo9,0.3774462738247329
Id_so426trxo8,0.13849683917825859
Id_u611py2ky6,0.18904437465930193
Id_tk8ffyupvu,0.2164170562915409
Id_n1d582upwu,0.17928259021329734
Id_0h4wjg60gi,0.3052376424875684
Id_80yx5alq3y,0.391269928883287
Id_czvt7bf7ki,0.16124870959276222
Id_kwctpclm9t,0.19811168242542787
Id_48zj3eol10,0.19006161327116788
Id_l779nt9yjb,0.3756163596970644
Id_3ugtpl2q57,0.11908196714499537
Id_eg3epayu42,0.3649645937211949
Id_ifrw8syp5g,0.21395296651943338
Id_kujzry3zci,0.15610274244124028
Id_6imbemuog9,0.21378715250249034
Id_o0a66e9rg5,0.3617536184671966
Id_c7kurdpczj,0.7962381986917151
Id_n7tjndhbru,0.3271020715873093
Id_2269pxi40v,0.30741637426900337
Id_btgny8lytz,0.1639757138261772
Id_kf192e9qp8,0.15057111107982776
Id_ul2v3z8uh0,0.13375168039835722
Id_wt3eblrwki,0.7764779125754899
Id_h21k8bi3rd,0.11456821902768896
Id_mbkyac0b38,0.22583048218362697
Id_skaa0uor5e,0.21420935765068816
Id_4253yprz3t,0.3086605882803678
Id_yh6zgz0ozn,0.3479291742931401
Id_huqwsqixpf,0.7963709131104659
Id_blaa7rao4e,0.31768374400859384
Id_pgi4wiieae,0.21367848338957704
Id_ltketfcwx8,0.20952763132003852
Id_hdqud85267,0.2717191075454458
Id_mbkuq5r0tj,0.19598493708135303
Id_kts979c6d3,0.3218095653672559
Id_w4evnjwo1b,0.10402451247706514
Id_65lz8d775l,0.30623864313683397
Id_oekrongesz,0.34567727896570605
Id_7q1qgcg1z2,0.30920449232517855
Id_9itt0mvut2,0.21824324532307743
Id_aw2m1l9pl3,0.1787682357818968
Id_tp130oylun,0.20197806390107773
Id_vu0go4qig8,0.1771574779146886
Id_3p2we0xrhp,0.7992587532371338
Id_a87t2vzq79,0.1495562383051899
Id_usy9mr0vda,0.3975358151430867
Id_0i3gib3ccr,0.1478433356653919
Id_obcqaeuu2h,0.31020798617997
Id_oylsv0e008,0.24459887203158284
Id_otsrdmmvex,0.7015409961510523
Id_hct3htn53j,0.17951039448721542
Id_bww7r8u7fz,0.17568478846915483
Id_stg8se4gth,0.13691226290226013
Id_2hj9e5d4df,0.25694587651367334
Id_5953c2fph5,0.7776276807827368
Id_vhj0rr0pf3,0.70885148783184
Id_5ujqt60emb,0.3078809656782805
Id_vqqf2oglsl,0.3157364523301193
Id_74m6uo00zo,0.17563725074502926
Id_q8bp71i0cx,0.1422056506046631
Id_qtob5v3gg5,0.3530420234340156
Id_u34a6v0xe4,0.1900447822425211
Id_dyxhkjt62k,0.20700078116186788
Id_gq2yp028hm,0.3085891213872284
Id_vkovnl2bor,0.2063244921556482
Id_716j65p14t,0.6965527331346734
Id_znwp5oxeuj,0.32512209222346067
Id_wzingkkiyy,0.17876423875838307
Id_lg0oidihkb,0.8043540810621266
Id_wyftha2yzm,0.283944367586586
Id_qelisjmvu7,0.32194141824162
Id_mxz5t2f6s2,0.224692795155534
Id_qvahu4fhl2,0.1242545106374132
Id_7pvavmi8nj,0.1446543758209601
Id_h44mik7o77,0.14123015384811408
Id_weqxxjsxlp,0.33806259167527236
Id_xwrdohgwwb,0.35897643365538706
Id_ue7i5njaj5,0.14673683030420595
Id_j5cytxk3fd,0.16853259928241587
Id_hc1dkq1ull,0.31867066417298645
Id_p58fra4ibh,0.39083723012410715
Id_rn6k0x8gmm,0.15005133361840006
Id_gz00pekb5w,0.4145017861712628
Id_hif7jaoik7,0.15498512214165178
Id_j0wtahm9rq,0.10194184034932002
Id_qgfy4fz54l,0.18175913395121676
Id_hcr6kog2wz,0.25865022187576153
Id_pfrxx17160,0.1980051020509755
Id_b9sapq7j2q,0.16427968190608813
Id_cixet4eqi7,0.16577840899394225
Id_b90o4ez0z4,0.12715996503465538
Id_0dvymsm4j7,0.13271818218016748
Id_lx7nws3o9q,0.3737159522212036
Id_tdzspuyh38,0.35192091861774927
Id_bsw59bkm6d,0.28778072792340675
Id_2sba7x3j8l,0.3405360953040053
Id_6rgcbx1ckw,0.34656706539777427
Id_t5z0yd2mzp,0.16578431565401125
Id_5ibig32cv0,0.3904213573789127
Id_0ep1wdjasa,0.15004559325726682
Id_e52lzlle5k,0.21305343395881327
Id_emkugrtqlc,0.23368047360404576
Id_h4ited8c70,0.14637499047069044
Id_6eew450lnh,0.20561668056813698
Id_689obromvr,0.34070963975130025
Id_vp5x8v01p2,0.18158347031596098
Id_f48v2b18z7,0.21077466514662682
Id_96s31b2x09,0.1816903613060282
Id_mq2wtuondl,0.8215827359204496
Id_bcx5rz5dw7,0.10247848515792274
Id_hzly0pe4t3,0.16129992476156782
Id_3as9l7qps0,0.322572193305529
Id_5w39l1m4db,0.3244056461625606
Id_b4v78yjpr8,0.2751311261312414
Id_hndnxrot6d,0.1652944172659341
Id_1umqo2101t,0.15186019191791877
Id_fbmisaw589,0.1826296799591474
Id_fepr7c7ald,0.20342457856013618
Id_1nponls3y6,0.15686460424592105
Id_e3pelntdie,0.6317537338262773
Id_opb265ilvi,0.1584495122727747
Id_r92o07c9vt,0.13575955333795556
Id_vs9y91wm85,0.24032865842083506
Id_mdqg1y14jp,0.2547092017693175
Id_o8q09fzis3,0.31022227262844193
Id_fbiq5gpnkm,0.28742557842394667
Id_jjk5kuiv3u,0.3644170685015807
Id_eyuxuig212,0.27066800394571877
Id_oqyrtj9gkf,0.1484811864787805
Id_htp5g3tofn,0.1607416310819637
Id_2zmysqu0kp,0.15754615471673505
Id_6ztxctvwpr,0.30593332942987955
Id_tqhd7uflt3,0.1658140318091604
Id_2nr45wi83i,0.19325931101289665
Id_cxj020r8m7,0.14417426083172818
Id_5ykc8d8s7s,0.16160640421393638
Id_a3vl6imzwh,0.3685671664366469
Id_q3xmaej69o,0.1964558609463673
Id_yq29s7kv0a,0.19841558379023946
Id_bxwsuykart,0.30740617134369896
Id_btl3itfcb2,0.3502015258245056
Id_e2fcrgr3hm,0.15615656413438783
Id_ca4gj08n5x,0.3650229543384368
Id_r3yeca1ygp,0.18574830429227243
Id_5rjtlvgmn7,0.18658612269296115
Id_q0pnvprodq,0.17510513694814808
Id_5xtx6p8hre,0.2772120198036509
Id_wdfrg0sc7k,0.15916227934920976
Id_96t2an4t26,0.1528630627884988
Id_dy312u2pkk,0.14238402072828157
Id_rcvk8o4o2s,0.1174023593887865
Id_n91k3moodo,0.345443932995346
Id_fta3hilj4i,0.17932878747323466
Id_hr7vquzbji,0.7457538892257706
Id_l7wla4sc3u,0.21104732676689902
Id_asksbt1luk,0.23088690995461783
Id_4aek7b2vq6,0.17302538088698466
Id_1x5n4k7pea,0.19308483016700567
Id_v51z5uizsu,0.7885999648097158
Id_4xb2dnoybh,0.31820806937735263
Id_k8jcw9fcrw,0.2736439311922646
Id_lgoaurirll,0.17363653125251793
Id_hsv0h16xsi,0.3657518409725531
Id_cpydcw4urr,0.13257793363530315
Id_ljkph8r3gs,0.3186586165468779
Id_ayaoxoti47,0.19632267464710712
Id_2oqsl3jr3l,0.18071197195230795
Id_07f4hjtzqb,0.23555111281196733
Id_bol12ewzw8,0.19384134320667115
Id_spv45ccoqv,0.7309303113051664
Id_w5kh5n1zd5,0.2596384719176708
Id_rbl7rezejs,0.1420848448928316
Id_7vmwomlwz5,0.12210163017159102
Id_u82er4wh2o,0.6712254132123953
Id_qxyqve9g6f,0.09360205640309253
Id_mb86v21jrh,0.16701209904760905
Id_366gae5k7r,0.3391104290350902
Id_a9r9qojhjz,0.14660862803155605
Id_k16m7ylb86,0.13571152204773387
Id_qv1297uhjq,0.1867898222704779
Id_rpc1pm6a5i,0.41046501106532796
Id_oa88m3grg4,0.7644663909001301
Id_itmfnm8fuw,0.20510971464372546
Id_gapcw5dfi4,0.7741428159653886
Id_pj1dso1zua,0.31106947094254705
Id_pbmgd8yd5r,0.7756459890252129
Id_74f1vxct9g,0.11590274222795681
Id_k3fowpwonc,0.36526666611269165
Id_hq5bbokzcf,0.20196385275578596
Id_8n3v5qipqc,0.18899345197008888
Id_fyp4bo5245,0.1301788786999331
Id_0qtcbyfc6p,0.13122841167531532
Id_ldgvqs5ypq,0.2051819408428731
Id_36r4htuehx,0.7110970064991341
Id_nb6gr6ufir,0.30713182735051175
Id_omr4m00nsx,0.3023277579727796
Id_1u7aeplg8x,0.1950368928415683
Id_1o4gd8k0cf,0.3661131776861775
Id_g68ny83i04,0.34444416030921604
Id_evchj9rwgu,0.20301674482518123
Id_nvy147nfjn,0.21119186821884095
Id_x1ccogjvtc,0.21261776819508152
Id_rhbnevsoz3,0.19148545108399112
Id_3fe5krspxj,0.13247077081702582
Id_bg9a83gth1,0.31791640432314905
Id_yxutgx92b5,0.22041987960291629
Id_ygwkbx0h9k,0.23392535568057013
Id_obhulah9ha,0.8278492981130475
Id_okf2ci4fo1,0.27435148352522576
Id_zdlsnt4h02,0.7809637675029181
Id_kvhzlz8g7s,0.1561319675312193
Id_8uqliv7ul5,0.30521575792199074
Id_6gw2bexi49,0.15332613459895825
Id_ob6y37lgvv,0.3280547423834396
Id_9gsyx5qges,0.7967869656948571
Id_h6snjadlli,0.11702478545028136
Id_w74rvn41a6,0.1519807567422733
Id_1t6ccd6ncr,0.3890028187489908
Id_jt1c6nd68s,0.29121117322177836
Id_gs59aafdd0,0.36449984483125547
Id_md4a9zhqt7,0.15360332213484645
Id_ymdnn2ircf,0.2801262537605307
Id_z6w0itjfst,0.15923091216041635
Id_81lgpeebjb,0.11761471170023956
Id_os70bn976o,0.19301922680948091
Id_z2j70cgp9i,0.17583928368906906
Id_owfiulno6l,0.16968006931004573
Id_muq49pklu6,0.18186884449693846
Id_thzjt8s2zt,0.2849943638241249
Id_fkh5agb6ka,0.10377591913167253
Id_nmc9gn4h7q,0.1520841730681281
Id_bsjgmxtrq3,0.35747443186413697
Id_xlvrifhos1,0.28087703392333063
Id_oylf8z8lql,0.734753162135814
Id_iudasw2mjh,0.11423253811467576
Id_fnb751rdy9,0.1853524888789968
Id_4zt9bbgx7g,0.16450790572388846
Id_qxv0ur9qtg,0.2019014921397717
Id_4dfr3ctpct,0.17051478188319702
Id_t5ecvsj3rb,0.16729665634197866
Id_ui0m1ik16e,0.21730718516508532
Id_jvjvnagb6x,0.3489186556078828
Id_yzjwovxe24,0.1459198606371482
Id_ag7so049kj,0.16236811210977056
Id_6nhyxovsr1,0.3555803038273875
Id_hwmqdnfvzv,0.32087041621771434
Id_oigd98di7f,0.17481697033815355
Id_i26qivwxar,0.1952710924341703
Id_ccvuq6mpa7,0.154995565075376
Id_9arq273apz,0.27703848828571476
Id_mk6p1hvz7b,0.09696767006505169
Id_8w7k1hud05,0.12461328393192941
Id_ffw3756mbt,0.34082187050724727
Id_c0hy4744wu,0.32995510014946305
Id_ebmqkqkdzd,0.15541733694632304
Id_ldqxasu339,0.21361917141218167
Id_2iz7bo9965,0.16424767870172866
Id_0ifg401y1o,0.2867819167637717
Id_7lprznb4yc,0.26828061501783473
Id_mqw8hwmcdc,0.1851982942682443
Id_1g0kjqzmui,0.19617734910385523
Id_xcmc3idtyu,0.17583127477912439
Id_je71cguamw,0.18692967145882278
Id_2npfmhrtap,0.13107173000374894
Id_xyoaatchue,0.6690238633206032
Id_tn7jeqct3s,0.12350936259305963
Id_js2ayy2hzo,0.1309929961194614
Id_efvg8a0772,0.15077916998069102
Id_8194qgfmez,0.8059573471873435
Id_jhl3hwdzu0,0.31764472913360114
Id_t836h4bde6,0.12967658245884228
Id_kz0krs19pb,0.7842628431315147
Id_j3zdpnicp8,0.17815270108042275
Id_a3ofu1bw68,0.1784856495298676
Id_4aq31fhaoh,0.11856237556490166
Id_tjsyb825w4,0.30611884871930484
Id_xp44u5vp14,0.3736582932550317
Id_1hnvj1ghyi,0.1768936585472355
Id_zv05tanaco,0.1758452470239814
Id_hhjctb3xtz,0.14025218577698492
Id_afq5i0nhn8,0.24907332273764193
Id_bvmu40uep2,0.22221747337587366
Id_fkzi4qiyxc,0.14882416277539312
Id_lbie4s82l5,0.14107587466495386
Id_mrro9nbc03,0.2177232456577421
Id_nmk5kyq7wl,0.169525919896593
Id_i9tmva0z2l,0.1479108932502643
Id_orpv55ykf8,0.31541087576121585
Id_hn9ospgxvy,0.14713001850054722
Id_x141bd2yqa,0.31630155170446067
Id_3gywujyoz6,0.3694804541594417
Id_rhha0orwv4,0.1897763414826864
Id_1y4f16a0wj,0.3489963606433502
Id_91ya3bxlq7,0.7108118748622744
Id_ujte9yy8jh,0.14330030353639672
Id_klbm2fy33e,0.3698548759311289
Id_kw09alnhcm,0.23618659760810692
Id_w69cqpzjre,0.12204308144669275
Id_rn62pa64jj,0.17679531185127473
Id_tv3lwksb9u,0.7876390555944927
Id_jdd7advr1f,0.3547311201704534
Id_q12nit655n,0.3234173165676139
Id_ucisamngtc,0.23899412017192068
Id_1505rly94t,0.4077656297153676
Id_p2ticfi5a3,0.3151024138195956
Id_971cpcmgeb,0.19072965298974345
Id_74t7i54h9m,0.38686529807984726
Id_qm923l3qe6,0.3338432493079864
Id_16m4z0fgq8,0.23912128060476515
Id_6yarhlagfn,0.32584745176074265
Id_8h4p8dbgyi,0.17891541578604414
Id_uk94lpv29x,0.11694284852379455
Id_vz7999biz2,0.13195933638325646
Id_yvn5zf90x4,0.1606099341938113
Id_xicvyk1uas,0.12602423687281294
Id_4qbp4ysj8x,0.182487054244368
Id_2r1cltyfeo,0.7689561785309396
Id_k01w1mdnt7,0.1800998636556751
Id_auesh05ei0,0.8005913611489788
Id_wl1isf64b7,0.14248243084573248
Id_4lqrgdf91s,0.1492054296239046
Id_3wjzcvmc9y,0.1266254657271191
Id_tmt2gy3g3a,0.33008009744992983
Id_d9srrchlik,0.16170640047596302
Id_dw48nc88fe,0.297724300885796
Id_4ibtm42nul,0.1261910159918702
Id_gjezrnk3bf,0.13900142025166937
Id_wk1h55trk7,0.11340166160529655
Id_kte05ykcd1,0.19783597716962842
Id_c99mz7evmy,0.2694346534064011
Id_nb6csy9eki,0.3601783713461777
Id_0rvjxas6jf,0.2998409642990596
Id_5jxjqfj26a,0.1796484521181854
Id_crtloo1w35,0.17350087003029668
Id_cbd0h8ifsy,0.20776471808324554
Id_p0l9dmk4dp,0.09972603689471192
Id_84ygo6lec6,0.16901272140012946
Id_wos2e4tv1a,0.15418177067074543
Id_rl83cw9w8a,0.16457748059187172
Id_i56lzsll94,0.30879975864610165
Id_cmtt8abun9,0.342326302251553
Id_0x08vgtub1,0.2998409642990596
Id_fvkv8zme4x,0.8014924877523504
Id_7i4yte00nj,0.14375152100940997
Id_t47p0i4x6c,0.13052035924914926
Id_mcol5zvtze,0.35304895322204183
Id_173j22jmkk,0.758764084304429
Id_5kkth75etx,0.14177767492866855
Id_kjpsm587ss,0.1114201687836485
Id_vpfhmrlem6,0.7783472060879497
Id_tw1osu2x94,0.35899466025821963
Id_6ch9th6hq0,0.21369610699142677
Id_sq0verlasw,0.13226125665441268
Id_g5m0xg322a,0.4185274665887635
Id_zz2875e1fm,0.3295610933236347
Id_vnnfiy2aht,0.10686672331571571
Id_qfyeqy9vzm,0.21711574042825277
Id_rr918lj12j,0.4049093318488032
Id_ia7z68dty0,0.5168957972266545
Id_jxppk4jjg7,0.16228964725127568
Id_jhfstt7ll5,0.16652934764952979
Id_atlb431zq7,0.18294607069937985
Id_thcor98e6o,0.10717640324242675
Id_5xqki5wqtc,0.37826965924932077
Id_akn4wszxzd,0.30256112336071317
Id_9crrww2qdk,0.12860635156345765
Id_67ts0qbgi0,0.36717750675055477
Id_e7eoxhj2i6,0.1739976965454034
Id_hs81rfrq1n,0.31609494964687745
Id_usdpbgwq6n,0.12668187594462543
Id_gegsapzh2h,0.21223404145662397
Id_3gzmgvulyu,0.19983144541001394
Id_rl9z8psy0t,0.3480853434165684
Id_dnefobcffn,0.1875943744753946
Id_hnu2xw0s6s,0.16680930300339294
Id_suue0uw4qn,0.1330768589278912
Id_s0mj2lyn1l,0.336711002941832
Id_7y6wy18cee,0.130387600599926
Id_ferjyn7mge,0.16457526924945792
Id_8bkla4u9iz,0.33913244172312335
Id_k5flsgpru1,0.16379965586932663
Id_7gk6z27f32,0.811678081363528
Id_gy18i9cipz,0.3731601997238469
Id_l4ubh2qra3,0.40447292097606374
Id_7esl23e409,0.15780522558772117
Id_4hzte42dvs,0.3113831779026638
Id_f9psbflsco,0.17398639289855533
Id_m9qfkbw0ef,0.772209552561756
Id_kagb3nqrcb,0.12888235627219352
Id_ftcvpsvgmj,0.23239742018842072
Id_phyhn7i4k6,0.24999469689682488
Id_7kpq9lmwgr,0.30742446760821035
Id_azp7vpcr7n,0.1814976784086343
Id_zjrrpm641f,0.1930052549528251
Id_8e958tixe3,0.19333234834029622
Id_5t1o3tgbns,0.35026293268688313
Id_7zhdpmcgsd,0.30925466898058657
Id_z8iivnnv2f,0.3140101952569292
Id_kmvu7fejg8,0.1622197534938449
Id_jhfec7xx1s,0.14963876053847447
Id_ph61x0hhof,0.16328782823785026
Id_e3qm8616gy,0.15565079765185183
Id_odo2r6knbb,0.3341384594677839
Id_lzyejcgbdu,0.1978414832120013
Id_g6rfqo2mnp,0.3069966397626449
Id_htpbw46ydm,0.22303469534297143
Id_li0knhgn0r,0.12639736536413254
Id_qowsnzi1lj,0.3731625200681899
Id_b30jj6icvm,0.27332921248736713
Id_ukmckmm4kr,0.7670105827404824
Id_97g0isyvcz,0.1608294098361226
Id_1lphdsb8y5,0.15601900950719946
Id_mpevcgfuar,0.18306087858849399
Id_fao04nx9xj,0.3586732054830489
Id_0iecgau296,0.12586981538700248
Id_mm005ihcs8,0.46600889842542437
Id_k4yuju0s6s,0.33120415744695025
Id_jz5cxaf93y,0.1365280512063366
Id_952h3wofcz,0.27544345198513476
Id_o3pslgabgk,0.7989210070917712
Id_fhx96ano24,0.20891798891592997
Id_fqv29c3md9,0.7665668207846259
Id_hl4deit34s,0.37611236207217635
Id_3vos08esnm,0.21281529822092846
Id_seeo63de2y,0.16735170563380425
Id_3ydv83vfu3,0.3826322140916593
Id_2fz4gbwy5l,0.3066555365605389
Id_km7dfoq0g5,0.1431964481608235
Id_q1atvtl4jy,0.3273547048804853
Id_1i7psxexrd,0.2442978728142453
Id_sqll106065,0.7949325839947227
Id_ao409p515s,0.36490910787601244
Id_lal1esrii0,0.11139867230084115
Id_z6fpelof4l,0.2398079082428635
Id_vy1mvoy6z1,0.37178904478506253
Id_zwvgj2uqhz,0.28634095511427765
Id_cx37qxjrsm,0.33185953712764765
Id_rd7x3vhqmv,0.1926688613711444
Id_yj0vh31gmp,0.7992890363972579
Id_dqueowe5rv,0.21497317693742984
Id_gheaiij07i,0.1637920270389572
Id_oa191uje2s,0.11344323257031062
Id_nt9zkerroj,0.21818749398713178
Id_vwyg1sr1wa,0.34171865775498245
Id_rrs9akle6n,0.2223219010916165
Id_kwmgy1n3dx,0.14385939488975202
Id_tqfexx8hux,0.37865309610979436
Id_f7zw77oajf,0.18694335816242869
Id_gjjno416nz,0.2564663574493904
Id_6vl40u6tk0,0.18048486794904878
Id_9lgtklpidl,0.2307987304914565
Id_yqa4xagoqh,0.14525803908126073
Id_21fm0m8tm8,0.1430726253082001
Id_5yy37inwlc,0.13659510244851253
Id_lb58qqcju8,0.2790285039452973
Id_pay54az9ss,0.2605377884405341
Id_jhj1akzu66,0.3496593438070335
Id_bx0m1tgaf1,0.17568955055915958
Id_zzzn1zaccn,0.24477247089556323
Id_rqakftwyb9,0.3761300561254535
Id_boer1o4t6d,0.12464490470824222
Id_drjo0dcpcs,0.23005937381941957
Id_8ouuwcm8zp,0.1659700771361324
Id_gxs509ol08,0.19936215915401634
Id_r9uelehcgq,0.4039925281710525
Id_ppyp9qadwb,0.40330802715985387
Id_8x7483isei,0.7865165156435248
Id_zjtwro0vyl,0.3229552089550204
Id_u5x6i7suvf,0.40179727829566203
Id_bfmk76ms5p,0.36084774662045616
Id_9vfe5bmm7x,0.18916043844349895
Id_lon1xszwy3,0.1568503816133956
Id_zb1sytdll0,0.2001492618685826
Id_4jeizzpbbr,0.7627440521167981
Id_2qbx10ud6n,0.27658853105580283
Id_utihwoq4jt,0.35238484834019657
Id_2vn93u58um,0.7930630505550077
Id_89mvj40rlh,0.3397520995333279
Id_eoe3h61d9i,0.2868131279266406
Id_nycfnrisry,0.7705409970612987
Id_mwtaa2j1rb,0.1533376608007138
Id_msh8zmog3h,0.17437957355962794
Id_69uuducrk8,0.10426708079717134
Id_g22lwaq8t8,0.18752362057014846
Id_8rcl6i27v7,0.3499993486859705
Id_vueyosaagn,0.17678546100531914
Id_ud8ecs9t7n,0.19798175017674374
Id_id5i266op8,0.18116534700592282
Id_xc80te5fs9,0.15446529096223882
Id_uxrv7ws4iz,0.21468513200678052
Id_jbta68qcny,0.12731946697109423
Id_vnsydst1f9,0.1901489214031585
Id_yhb1qjfkin,0.1629518533493419
Id_jvw66fieox,0.2978775953340551
Id_beinopg1qp,0.12156209583722039
Id_wghq2z68yo,0.3710562456476694
Id_jh55u9qsx2,0.7077692919270561
Id_gqwoxqo6st,0.2992686237738841
Id_k7xvimf5se,0.16442501748011565
Id_rhbccj437c,0.13364472867253985
Id_vjnmppkukn,0.34734033530015934
Id_1cqbgnogzw,0.3859750212612305
Id_k8jld4qayo,0.15791195897310384
Id_kx97eub03k,0.38150913059943986
Id_lp3dasj3n6,0.11366117638595316
Id_9hee3aicif,0.3219115884118952
Id_mxii929bm7,0.14563257834342866
Id_t5xdyei4s9,0.2846611861432833
Id_6osx4dn6mr,0.16008648435276832
Id_1pzwroputd,0.3538128788374186
Id_tjpzsg7lvr,0.40266326937677716
Id_juag6sezip,0.2960357521292371
Id_be1zngpqlc,0.1953896190955433
Id_yo69fmf0ar,0.12238005929807422
Id_6al6qoszlh,0.3335652614117652
Id_7h44o827gp,0.24315967745937098
Id_l9skxjyq7u,0.19591441591136463
Id_7z1nf0gz85,0.3274492589353436
Id_y3fb6gl6h8,0.11206552048330753
Id_ujbtsc5xsy,0.12105770872801838
Id_cix5bvil77,0.16153150254414547
Id_c42x5mfp0k,0.15289338257120919
Id_z8z1ips4mg,0.8047524307990954
Id_3cofhphc87,0.28739572725637713
Id_6vgvsfj56c,0.13714254945512255
Id_hkvtkwup5x,0.13972106758270042
Id_me97ism4jf,0.15160206898344097
Id_rayrfk924x,0.17503494811306702
Id_jzkxue4hka,0.1545584175566397
Id_t74oh7os9g,0.18778922657214506
Id_ms624ngn7u,0.10998658866938658
Id_j8z4mr2hqx,0.40219465478173366
Id_th9a99gxb2,0.3065192553185048
Id_mnwb6mrsdg,0.12758069178003567
Id_75mdb21w4c,0.10908410298868876
Id_fylyfunrq2,0.15355318089063905
Id_3j5etrhsdp,0.3064325066354862
Id_aehfozq1ot,0.380434333298339
Id_qwwa02gxym,0.17560544237596246
Id_ghjud20e44,0.7987725546526587
Id_o1dtpjsdst,0.3298886568860929
Id_ha93u2lawk,0.21807605295101498
Id_bxto2ux7bo,0.21698749475850931
Id_hpo10e9mjt,0.32379617251460546
Id_kj4hz0mxtk,0.20571215441050372
Id_bk7dyajexv,0.3489482960708869
Id_ubw2nlrcfx,0.27020115528336136
Id_fcwydgz379,0.8020717467035474
Id_kfpdh564un,0.3734378286616634
Id_ii2abc8ip3,0.3389244778753144
Id_x7e8l77kl9,0.14000557465811522
Id_47pzc9m73a,0.19615078790207363
Id_2fhrtzrovv,0.19563900707140106
Id_2mo9rlbwbf,0.1902988505533228
Id_87r24bh207,0.7655288845409167
Id_ajykjh38hg,0.22600127808769221
Id_q5l6x34nx5,0.1969642338376753
Id_6ss03rco6n,0.28455734752389344
Id_qzw3lad2xg,0.1364218503023834
Id_oqfadfeopk,0.35190938513916437
Id_y2h2ue57gk,0.1460503835784798
Id_rz2mejh56l,0.3388978529063211
Id_b1qnoxjxwf,0.12827499680985613
Id_z9k1duzd0e,0.11201805915368636
Id_6xg5hx3ueu,0.1723488526639478
Id_zfh6u1agi7,0.1822350614400648
Id_05howvlusw,0.18572393049125885
Id_0giut9vf6h,0.30796386857196095
Id_25s096bwf1,0.15374311068441046
Id_0g7x556l47,0.30884212628613716
Id_g7gydlfwiw,0.1769808805664326
Id_fx8jznto6v,0.3752700211390127
Id_r7eu8k84pq,0.31745637773235463
Id_7w1lc6wvrg,0.1463143812626778
Id_ufeq89vad9,0.155622015421992
Id_uefz4h1v3w,0.6490449571364985
Id_qaetv3im76,0.13277719487782966
Id_o4uce02b1z,0.19552796061572683
Id_3p1d2h0y3t,0.410020795101034
Id_tfn6m35uwr,0.17880720001222083
Id_iv0fx0z9ni,0.16761422444153773
Id_ttggjnqvk6,0.13353430440825
Id_rmu321wqjy,0.2805327014942188
Id_0b5sdz4cya,0.13823958194117622
Id_zapjqsjgt0,0.1718073852749625
Id_v7dwbs5ub8,0.14958032099302757
Id_qjpwwsflr5,0.14288674395670647
Id_bo1j7c32d0,0.1403941122203271
Id_nbsh40v92x,0.3031043152942493
Id_31ptkxnp7r,0.27599549001230883
Id_je2p3yzyju,0.3001269888537448
Id_q8abs9uhih,0.4829401264183765
Id_ruv8qy6pvy,0.24086220495946054
Id_fvii1gbvrq,0.3504731371399588
Id_zbgsfomz43,0.1978134358439012
Id_7ty6gq1l0v,0.1531414411727717
Id_whentbnqww,0.7665856281526966
Id_tjko6hklyw,0.19306601928621614
Id_f4qlxs02rs,0.11046993839086977
Id_xjh69l18x7,0.1738668887570464
Id_chr3enrsl7,0.29877276147596765
Id_evneuv6pm2,0.17892849726822452
Id_pw5vz8lxet,0.1891298020833819
Id_34tq11d468,0.14491869162033952
Id_f50qbtt4da,0.8008931880315298
Id_os6zxzawnv,0.1529101828672073
Id_dwg90aciut,0.1341549110250354
Id_ryxc05zj6t,0.8010241601446565
Id_xtdhu31fwm,0.3019121685125071
Id_zbpxeayckj,0.14917681224619833
Id_ku2s2xvvd1,0.1130943626774466
Id_x5fqy2wy7r,0.20845606660102134
Id_uunghw7hlb,0.22462729030616782
Id_6om05mg6jz,0.2989571743338408
Id_ysycv5lk55,0.1563498068506233
Id_lhi2qxp5xk,0.3578562714684756
Id_sli7td0qm6,0.2705576802353093
Id_i1p2nvoslv,0.11220975662946092
Id_o3l51k9yqy,0.31569438006305567
Id_7dcv43jozv,0.7863481312721096
Id_p6ol842wki,0.1972956384331993
Id_czhfygtsrx,0.3109163939053287
Id_8ybzekbhhm,0.35397867108388453
Id_dalfdcrmeg,0.3288204716892462
Id_tfhsaonntu,0.3764437688178184
Id_jr8kis2hg0,0.18241344637021684
Id_j18cj00pp0,0.7321138047551068
Id_25tdmub87q,0.3044245912693481
Id_k6544jw6ss,0.3716488924939297
Id_co58lo3ccz,0.3118136219795877
Id_n4no45t54h,0.17967559229795074
Id_2nqy55s8nn,0.15577979043666962
Id_nrpzrcqdtl,0.31978798859459806
Id_sgylhz7t52,0.3372592894762647
Id_ihwx6lins8,0.18464719086835069
Id_jnb5bjooaw,0.15771665415287336
Id_eag0xau0ao,0.31328737996097433
Id_9o0mfcpxkb,0.14813239936267503
Id_308lzanlaw,0.320071616012423
Id_9xb6scdbp0,0.16271661328256395
Id_67nq464lcx,0.15620606712827795
Id_n3mvxav6kf,0.1743705651294592
Id_zrz32f0xq6,0.1896509286433589
Id_ssm8r34t2j,0.3624742992659392
Id_t6ttzmxakn,0.17001100610183337
Id_5vvjjie8jx,0.13257793363530315
Id_whzd1d1nhj,0.21010555012851523
Id_ey0o977lr9,0.8000118806078188
Id_96xv01bz0c,0.17362156763576359
Id_yxczq8h8fi,0.11946426950578587
Id_9vz2ek8pfs,0.34056001448358286
Id_2tfze7yz84,0.1994142144584616
Id_hp0825jt4r,0.26884579190377084
Id_brih8luthf,0.21930637698546868
Id_yp0z1c38ax,0.6590117414166953
Id_gox9bakscd,0.7734792724455882
Id_25zzwqan2b,0.22026018301332256
Id_ag39pc8jzf,0.11925409754232871
Id_mc5w78bjvb,0.8041538269786102
Id_tr9l4p3m35,0.12540600525247966
Id_yjcpv0quj7,0.1406849637630038
Id_drkpp74ipw,0.2730556765599398
Id_9lz1l9x0l0,0.188338342067233
Id_6ewupaj8b3,0.40819757281515506
Id_dheglk1zvt,0.20239488559681493
Id_219cdjw1ja,0.12962483768838381
Id_k0mz6bstfs,0.3504690894242948
Id_u5oacvri92,0.18583914911579716
Id_5hlu3apod2,0.30171640857676724
Id_bmnfvsgqpk,0.1116886418052972
Id_u4mld91w7v,0.10899088046201516
Id_j11n7q0bos,0.1711728207227198
Id_vcqbswzei2,0.3642750993237292
Id_z3sy3p6igk,0.15140616367559057
Id_hu6ou36bvf,0.1555598756641282
Id_w5f7qn60np,0.15240761273699352
Id_uzpiwtm708,0.36688063309143126
Id_zj2ixhuwzx,0.35042406920446223
Id_d576fk1223,0.7618539834011077
Id_jmo1p0tjym,0.1505065845419874
Id_d8gkscox0s,0.29971341235240667
Id_jetpful5e7,0.2678177583900893
Id_zonbigyx4t,0.16706178589528503
Id_bi1yc9vq88,0.1452463833979654
Id_iqowdek0xm,0.785056980424658
Id_yh2zxbusrv,0.1630335897984988
Id_qogytkxokx,0.32193231016800006
Id_348g7ajkdg,0.30561922762369653
Id_irw9oku9mc,0.1979563568031155
Id_ck26va7hs8,0.33199488218944423
Id_gknpeh1mlz,0.3561446800855418
Id_nbo9qanre9,0.22159951462078462
Id_jd3f7tbsr9,0.1600700610671755
Id_yw3hkuk5lp,0.18974107057115044
Id_wwlwidq53z,0.1884220560205247
Id_fj9yzgf5vj,0.7965970082737927
Id_ek7l4lccrm,0.3934207530120157
Id_6z48tsx5ha,0.08924307171953029
Id_2a734z3fvt,0.8026078196661746
Id_kdnreggx5e,0.28246290556761044
Id_cet69pepc5,0.8101807667786235
Id_bfb7jbpp58,0.12409112282942254
Id_3sc9hy9pnl,0.14112309559817757
Id_38fax1mzo7,0.21867731084725162
Id_uky540uhdn,0.14627873131757393
Id_y2qo4d089r,0.37546033637715553
Id_ci4szc3xet,0.39200579757449666
Id_4nbjxpmod9,0.3386802846579699
Id_2et53ico1b,0.7790321107027799
Id_llhb3h18zz,0.34245294552301814
Id_4xy2q6bvwu,0.31048168334848475
Id_0t446pf9sd,0.09128343247815048
Id_00zlrfqmzq,0.1508693845810103
Id_em8ulxb1db,0.19798391751586553
Id_kmjnc9ur5g,0.16142070496237523
Id_yf3z3o0fhx,0.1867954560753674
Id_r958h5noof,0.18158938695625082
Id_mz0bpppbvd,0.29027774866858785
Id_c3i8tw7icv,0.5092116917567738
Id_2gy0omss7n,0.1979642994550958
Id_9d5hmod6rj,0.12079223913963055
Id_feowgdfk89,0.8275156315346008
Id_05ujwz0gb8,0.33057365708119013
Id_40ef8qeqph,0.13350432408256657
Id_glrx63b5k0,0.15960967257527425
Id_zokjqclx85,0.15914153636542402
Id_edhmx1ewmt,0.12351885025715884
Id_k6d1fjn3ce,0.17177321210569108
Id_74ypr4x2lg,0.15601900950719946
Id_tactlo06kp,0.3672402217379412
Id_ud1ansdfjp,0.17967363591640256
Id_7j0by4idt0,0.8075138154124205
Id_e93jm3t1uk,0.3415528902622978
Id_wwodvq73ya,0.10615774452067747
Id_h99n6j9b8x,0.21864042297714525
Id_bnhpk27n3b,0.20696615788550032
Id_zjz3u87urs,0.19124391439924018
Id_1s1n77nf61,0.11971967815331527
Id_qqkhha9qn1,0.18814473659806172
Id_dkuhwjxz2t,0.16497825947495637
Id_tmra90saen,0.17394212066386824
Id_gmgab1tjkx,0.15357594875489508
Id_ypo3yhdl2t,0.19941229221728324
Id_xeb1emh49q,0.34953871434488043
Id_1xhamm9r6s,0.22946758643172355
Id_oc2d5wolqe,0.19572229434446528
Id_0klfdpj6s6,0.1490244348826811
Id_gm26c8jgke,0.7809831648650235
Id_bjtscqn2ts,0.10835956005613444
Id_noa2ioa9lh,0.114250659951872
Id_1ddi36nyd0,0.8072888842848692
Id_159soef5m8,0.3501346175402436
Id_y37m1wd7mj,0.21813475338708202
Id_pgdt1aug9e,0.33701749748331816
Id_3mopp0r8cd,0.3536745007769931
Id_5vwe4gvznf,0.18744132948888084
Id_iilce2yj2f,0.12304270946094925
Id_7nvvd1lk1d,0.2915314455262322
Id_40zau02q90,0.35264086080764934
Id_us5fgsfh0i,0.15017988730754556
Id_p8blyf0sfe,0.3552168129333596
Id_0ll80ruw2v,0.19031243247889673
Id_djd0vhwc3k,0.25007809610541043
Id_pngct0k2ug,0.28899614390666495
Id_wmram8lobh,0.13511010358832054
Id_rldh0ethui,0.16219196233039798
Id_m7p2ae3q43,0.3095586879388842
Id_vrxh4nfhco,0.26000255955524554
Id_xmosmvk3qs,0.4142302583917323
Id_u73psp5yh8,0.7923609597862094
Id_fxafpxwjnu,0.23902636181951128
Id_17yccaoc4i,0.3643485138445795
Id_3wayyjiv93,0.37652824949400354
Id_wg4tq581y8,0.2053733239011104
Id_hdt5zx2u2z,0.3741263091367087
Id_0txfwbwelo,0.2847731177723368
Id_9kxb9z5ms3,0.3383968651874739
Id_jqgdpp1tgc,0.4028849134253694
Id_yy83gmm9fp,0.13621203389008513
Id_fyiapxv2f4,0.373921560006725
Id_24y5rtqdbh,0.3617105007854881
Id_tr7ym74i6h,0.3619672584001077
Id_8wenjbmetb,0.8202975938330102
Id_edep6aanku,0.3088717758317791
Id_n05n95wki6,0.20421484058381228
Id_w8dbhhy3mv,0.2901084853276405
Id_1hbnmriv67,0.16828159940749401
Id_m12odqjipy,0.3038204660536555
Id_pgowiu4ay7,0.17004664148181878
Id_7zef3exinx,0.320460913088235
Id_4lbrt2dp1k,0.10772671037332181
Id_cpdjtrqs5i,0.17177321210569108
Id_wqe4jv5vju,0.13710383792350894
Id_v8nbtier8s,0.195802572543134
Id_oefp0z401y,0.1842075799046075
Id_e609wfy9gv,0.13639039548117268
Id_18es0bor3x,0.8063431281817176
Id_k1lxtif2yr,0.09516829448094766
Id_sgjb17ox0d,0.31809309800037694
Id_60lvu1g5vr,0.2578936636854957
Id_hszq494lsz,0.8220078309119381
Id_juwqprlsl8,0.11086865636408158
Id_kp4q5fjjqx,0.7717949900086447
Id_0uuvwis2pz,0.13299093300896478
Id_kvlrs1bppw,0.15485815898981448
Id_jxda21dkyc,0.19521613791249595
Id_3sa1d5bidh,0.1802099601422702
Id_gxsrofsx7z,0.3134570784139643
Id_1u8eimdw8h,0.1770374444480137
Id_t5g49hter6,0.2114007826237206
Id_qev411tc1r,0.3310577015739765
Id_vzuu4za6ja,0.15295826360828588
Id_vf3vexxwxh,0.20179385036496447
Id_7t0ufkfaze,0.1683161147431754
Id_vfb6k3w9f2,0.19421436512730528
Id_k4lg5akn14,0.20740939545714546
Id_kh5ajthu2j,0.17547740276804066
Id_tn457mb8lx,0.07801948069199616
Id_4sr4gdsvjc,0.13662300478126166
Id_dg0ix5kesc,0.15462570320988173
Id_7u9ksmtsat,0.7797531643836806
Id_cc6m2mekge,0.15218888735985492
Id_0hcqnjy4i0,0.14008661518440665
Id_2r3xg5c0jz,0.23657908406745481
Id_o8unto6cre,0.32304518368527324
Id_lc474ixxv6,0.17802225261490962
Id_71fsdk343s,0.19513507204485347
Id_6rgj9sqdhp,0.16806005189227896
Id_2qniod6t8w,0.30940182647514425
Id_6i9k0mlwmb,0.1981077017395433
Id_iz8l3colsx,0.7844585889219843
Id_lgzugydgkd,0.14858164671139737
Id_0y2oaob6bq,0.182487054244368
Id_y1cs8ecmau,0.14694078650192868
Id_9wqxfv7g80,0.2058479714266982
Id_x8929rb78h,0.15529216205695057
Id_113sd16q6k,0.15110028515656226
Id_wf98gwc7ci,0.3130519552420497
Id_uwwhsxdi7x,0.30242883185935904
Id_7x9ctsbnjt,0.10040688334773598
Id_v5335amhoq,0.35079173068826547
Id_13ya7leq4p,0.19258244825420692
Id_52zzybiaon,0.19376399430489805
Id_evlvtffu0e,0.11756028342723045
Id_1ukzpp3244,0.342326302251553
Id_9gtmdrhzqz,0.8038203514717951
Id_8lsycyorqz,0.18943880574800154
Id_oqhbvzjzr0,0.25500677577875197
Id_tg2g5osn89,0.1549167590392494
Id_ihwzkc38wk,0.14003920733347988
Id_fbs5y30vqw,0.17311796772638904
Id_t8eov1x0d7,0.22101847911096337
Id_5amqr6v4n0,0.28911446621420356
Id_efbha40a05,0.14619751230638184
Id_t1sysj0wy3,0.17914167415314453
Id_2o6e6hhl5q,0.15739303295912965
Id_y2t37020xi,0.2480733330413709
Id_1a1gb0ui08,0.3172987068113813
Id_k7qkinfpa9,0.2930969004080404
Id_rz90uy5431,0.18700859040077844
Id_abges53wx4,0.15713692187528724
Id_ezvwuvxsle,0.18405021208246997
Id_zws3xmvt8g,0.22313263849575693
Id_ipc8z4thpq,0.179812133407398
Id_5uf57n1y5u,0.16091189526787558
Id_toxgbqarvk,0.2731327952691797
Id_pwu53q9fid,0.3584112145397571
Id_qxcteydvw4,0.12294994728740441
Id_zlxyvpskhr,0.3730608107300452
Id_yjwtrw4211,0.09227741019140502
Id_e5jhqca5i4,0.3532782516092619
Id_dovofof2ez,0.401241972887331
Id_qyypzx9dxd,0.14241207805375986
Id_zdn85bltt8,0.7945813749886718
Id_xyrhqbrbtb,0.40514618470462127
Id_pfhj0zkdxv,0.1831723672789033
Id_qu8nj046vh,0.3075213222135919
Id_qm01lkv6y9,0.15670616115171287
Id_oxs6ca9bfg,0.19833333392089775
Id_y2ze63w79u,0.7944464370730792
Id_u4plk2fwf7,0.15724946073180257
Id_6z5b6j6qbu,0.18419492682815514
Id_lqkf0cj1p1,0.8032013640884742
Id_quwzwou3vz,0.1989912128750274
Id_hhj18mp4sn,0.1731508396710618
Id_f6k196prq4,0.15497683685424207
Id_3dytekgbci,0.17941857659023241
Id_29e1z7h6u4,0.16295385228866496
Id_ni0yhnginh,0.22478379971709056
Id_8k8f95ykxk,0.3333472114365399
Id_coio2zican,0.3641384452283699
Id_ekv4iykprw,0.2202968573654683
Id_7w5dm3cyu3,0.402245818404255
Id_s9sleswdwm,0.21215890576189358
Id_jnv3klawmz,0.2832612570647046
Id_96q3d5zm6s,0.12634729832779582
Id_5nnxzvswv1,0.3918765328561502
Id_n67tb71k1r,0.15402453824122042
Id_hmdfu83skm,0.6590365194199075
Id_bc4oor1bto,0.3577729429649342
Id_rdqh768b3r,0.14935084520045158
Id_bbrypkl3ft,0.31224421979177797
Id_3n82oy9p15,0.15507034042582832
Id_qivthxzr2a,0.13661605405288185
Id_7ws4jz5001,0.12565043332193757
Id_nz833h6upm,0.3595814628856726
Id_ub7dbguckh,0.31199441226551794
Id_cq54n2dcg3,0.3642176847712223
Id_0hsgbh7fu1,0.17750898012534008
Id_s5vcz76m8u,0.20726485918175114
Id_wa1aktiovb,0.3506836984453614
Id_m153wx60hj,0.597272773338269
Id_8452i7jerw,0.795124631349854
Id_vn2x299g4w,0.12409007893559426
Id_ombws0yt8w,0.0894933795156226
Id_m1n0e6d2q3,0.3815907085968637
Id_fjshad0tfs,0.1853056731938304
Id_4law5rnagk,0.29941901387489034
Id_48gluzt7a3,0.1394028414237598
Id_d9mj1w2zlm,0.15685298735022368
Id_2c47srurj7,0.1096199586761874
Id_1ehv4v8u5v,0.16228338108691256
Id_nxjwl91wxs,0.3129917035981345
Id_dk7a4ym0qp,0.3183577783648083
Id_g4ovfkuqix,0.16829561606846247
Id_mo5vj0g0zx,0.3973229880502783
Id_pga279dvzu,0.186013721283715
Id_k8fq0m29in,0.24964119667804574
Id_qdvblg1aea,0.19464651573024766
Id_514fm191b1,0.17266201210711507
Id_hppomtkw3n,0.7383646372333313
Id_p9qc9r8oz1,0.20002936867424992
Id_nxpbqjf2bd,0.12386128177296513
Id_izog0o31bn,0.7594645429137624
Id_912m7l9c8d,0.10070393096424336
Id_lg7retw9ww,0.13852414316259423
Id_wswjtvcuft,0.175532747670396
Id_9aqxopq9uy,0.3637514135498474
Id_dizqcuygh7,0.19411383639559732
Id_24hmuyx4lu,0.15364741659783535
Id_pbs1k81jdk,0.16545508287530478
Id_5bszucvd4t,0.27203135002154977
Id_ie7rpmi6ow,0.21615969177373093
Id_ypj8evnzun,0.27749752267642747
Id_iepx7buu9w,0.3239370611605475
Id_69ria2mqih,0.4041550743026216
Id_96lb0mej8g,0.2727451819277858
Id_sndwx7ylvg,0.13716850730675934
Id_v6ka5h5pme,0.38080993128937857
Id_m6x3vmh0id,0.18551391012869303
Id_krw9rsq72a,0.4877860669742871
Id_bvrybvkauc,0.377687961030728
Id_ssq5kv9zxg,0.2036513828008195
Id_7khb49l40f,0.3248031914931831
Id_arpv2c4o34,0.38303975708338833
Id_77660xv0hp,0.15398888138587064
Id_v4d7lczkca,0.09565396315043558
Id_2c1fdc98nb,0.1996350230318939
Id_i5vwe6egsj,0.1874022449266391
Id_lv9x6pdnlw,0.1518544196208764
Id_ymv4d8xway,0.12239749889318884
Id_mpgsyehi64,0.16219517603419806
Id_cgzm433vp0,0.161017910544068
Id_85q7sy7s73,0.37563783735675643
Id_2mnmuw2sk0,0.13570675714747885
Id_akgm585p89,0.15430764462477073
Id_if8yz77gp4,0.16606157406543634
Id_p48e7s6bd4,0.10477635730715416
Id_s1xlpe5h8l,0.17602007895999425
Id_621ofyxye6,0.7787827986432003
Id_al5rxgf8ge,0.21160618089713576
Id_gf9wdi5ws4,0.1189944487708502
Id_5w7aw9vz7s,0.168287325342059
Id_b4r6kgg0tw,0.1547101927930231
Id_o0wz1g8ehx,0.3049923347742987
Id_988cd18v6s,0.2509817480650393
Id_uabgwoiryz,0.14557248157918468
Id_ku8toy6hkh,0.1809948282805451
Id_g97dj3t8v2,0.30300314293870856
Id_ywwnlmlw4n,0.12361512907640743
Id_s7jocf41o6,0.2858404182936066
Id_ts4neughrb,0.10888788979959468
Id_e45x9vsdem,0.2080020808553816
Id_4q7jewk3fk,0.15697751991016032
Id_j2tdecxtoy,0.8099843579217787
Id_9z31ol7ujm,0.11400628044879933
Id_46uuy0ia04,0.12217051889328077
Id_daph21jgcr,0.21177136610707642
Id_c6q3otyp6f,0.15504110456172976
Id_8f8g47n7xa,0.26937688507120866
Id_wfx5uhn1v9,0.12144063490381689
Id_4rc5zyh5b0,0.3492069301337431
Id_cqy9hcf26w,0.1616046883278554
Id_991vaya9oz,0.11196435748571751
Id_28vbxnfz4t,0.17527895145275602
Id_cya49sy19a,0.207074300562156
Id_fcarifdm67,0.8222945813848475
Id_itxuerh0tw,0.13711525130670832
Id_xqn24xlkh2,0.8261580133286311
Id_jro6zem5eo,0.12363676650491064
Id_eo9tcsak28,0.18373623658263663
Id_i71enax2kl,0.1534257332210461
Id_ahm1gmegal,0.1518981087065569
Id_kzz19zn94g,0.18359990739403556
Id_ted137u8ep,0.38700424010332735
Id_56pwnz0vy4,0.11716148708332104
Id_2pqek4txfn,0.33342975906229944
Id_tg6kznersq,0.406618939480253
Id_3ec107enjy,0.1763877530730529
Id_mly4fkgefn,0.37566208461231343
Id_d5yewin57w,0.31283862845804455
Id_o5i79cm6dk,0.2830469361271917
Id_xf4d4limyc,0.19002307937316817
Id_albyzxx4s9,0.15611359944927725
Id_qlyhe7bbtx,0.3756081283820007
Id_b78izf9qye,0.19053043629709351
Id_9ez9kqm468,0.40650459481863055
Id_havjl4t04o,0.11493952280110177
Id_lg0jdl6sst,0.18599497757684463
Id_bokrjktrb7,0.3157236103078729
Id_emzaopvzg6,0.36225736470505665
Id_3ompii7fpn,0.12369428988767049
Id_fti4owc0kj,0.1485220543248897
Id_jwuhcghqeq,0.19930635699743157
Id_4i22lvikkx,0.23703924791882616
Id_bp5tqt681z,0.25342156794124376
Id_sjyfd1ue1a,0.2742797048170717
Id_gqmp65ivhu,0.14273154904692964
Id_4f57iaju3g,0.1736947286743728
Id_pts6c1e9qp,0.10642704858473984
Id_28yembc81t,0.15324185608161334
Id_cxpjtf7jst,0.142931598532725
Id_w70w1lferx,0.18511314144391514
Id_a1754pyw13,0.14410854531063724
Id_8por8rjj4p,0.3596708761740497
Id_n2elz6kur2,0.7837254215810296
Id_r50xfb685c,0.18691127066366525
Id_6af93sthv9,0.317095892934803
Id_32dumey0cf,0.14744831887992585
Id_yc7vltimgr,0.1821050171780063
Id_4so7kektqw,0.17980227862302267
Id_tpi5tlzak1,0.1597193278534741
Id_pwx1tw8cmr,0.1518544196208764
Id_v8ihu4xlmg,0.13674791052783333
Id_d98euufkmz,0.30832567316587417
Id_wvbmz5h0y4,0.17908733886663764
Id_7hojo3tm6x,0.18724301186734324
Id_mfkj143zj7,0.33099096952067564
Id_wdfby5aleu,0.1814210086607256
Id_082tmm337i,0.1689761702832986
Id_v5rxpyka2o,0.770443110662448
Id_56096zutar,0.11942409147866682
Id_e06p9hwo90,0.15858034624536754
Id_7i7f1hihsa,0.15432766314714672
Id_b6wu7mwwg2,0.7698153497954021
Id_h2yuv8dx0b,0.3788477327560617
Id_9exbi04ahn,0.797714664089275
Id_cli9pqpadf,0.20837299045702054
Id_dm9pbvdt6s,0.2236812434872031
Id_0dgvt5lwkt,0.14217703745118893
Id_0y1rlb9gml,0.20850426103422726
Id_ygs91lzs1g,0.7142590929646297
Id_bhpmmdvwv8,0.18780863299338527
Id_6rtpenbpwo,0.17191026153230818
Id_ovc1uvevfr,0.304910140050975
Id_a5zyi2fa7u,0.25939774306034497
Id_y8htg2u24u,0.2641566548598113
Id_1c46c6iwch,0.18218787114894308
Id_widy5om8gm,0.18623178185614309
Id_pnrdz62fyr,0.30475090390476584
Id_fyquookm88,0.7805523615629545
Id_crylmlfts8,0.18422531340972526
Id_br4gx830z6,0.2208301621978057
Id_m5833t25xh,0.1231223055734234
Id_lsjdpg6t8t,0.1888014869114855
Id_4we5bf1am3,0.17892926682286928
Id_v0c8sf03hr,0.3114425977246093
Id_4q6hv17ay5,0.20602021203926818
Id_kq286lbazx,0.14547755847879756
Id_pvp0adve54,0.251859274441859
Id_p1eydacgzh,0.19963525944318228
Id_oo3wb1e85o,0.808066832429527
Id_w69r6tvq9h,0.17220522616857778
Id_tbzh0jlylk,0.360703029187208
Id_pbe3qcw8y9,0.13158859226782882
Id_xqktzgfy6u,0.18806349582533877
Id_3vrhj3xbrd,0.7048585542623929
Id_klimz9l0mu,0.31768382840205833
Id_ek9nter49s,0.2828840379105839
Id_0fb3aq83x6,0.13302672607137006
Id_d9us82mokz,0.3275934076779999
Id_z0qbgzcfmr,0.18114183383992444
Id_u1kcet2rdh,0.2689333971418356
Id_kvyicvfgcf,0.3607681175247637
Id_i7nvvbhrts,0.16289103173154398
Id_q1ww54vkgt,0.28632444926510103
Id_dwalixvqbi,0.17822555949002125
Id_hzu1kl2y0v,0.34457341971874234
Id_253hhat9ly,0.3136230970476232
Id_gxb01c8rsw,0.12981346687019923
Id_56w10cmkvf,0.1643182283464666
Id_eqbidxw1n0,0.24084511088281096
Id_5y54vl5ig1,0.19495538492299155
Id_vls2yvc9s3,0.14145858537985
Id_lpu65atq1c,0.8154801433249561
Id_n05cfjxl8y,0.27694115492961374
Id_pdr4bb3ste,0.12693523933951437
Id_io4athusho,0.1621268181686202
Id_5g8e7drfum,0.17968418795034682
Id_rur7k1t45e,0.2939105094953711
Id_dvaa498nit,0.336135321084451
Id_ldfj07sgyl,0.17802394419782375
Id_eivpjzohoz,0.3319082757935146
Id_8gnthm24dj,0.18599213081684213
Id_rpdyopec13,0.17642403775522503
Id_n00yaaekij,0.6339143601380295
Id_y25gm2cjyx,0.7909771275217109
Id_5isfuhdqvs,0.16707561016631992
Id_bl2dh6tjxa,0.77926226734004
Id_tasaabrqhh,0.12964648333861276
Id_12vvfv3u1d,0.19122883446803646
Id_hxum4ig62c,0.2783971953467339
Id_aix78mhk10,0.22827678897194384
Id_yzdr5i96vv,0.39836915187085153
Id_773tk3fw8i,0.10353442042149924
Id_ok0me3howk,0.3028186632780262
Id_ua982ydwug,0.17863012019127125
Id_pgbegf1f3w,0.7013336063800172
Id_5v632aoiuj,0.15409823328626765
Id_3mggq20q5n,0.21860974666099584
Id_qydfymxddq,0.39393134402768515
Id_7yetbmm8b9,0.15565327912162233
Id_ikvtub301y,0.33034237351683743
Id_a836a3iv7d,0.19729376557017703
Id_vwc67cyqus,0.1745082750118801
Id_kmjnwx4q8c,0.8142434193251523
Id_08gwuwi46y,0.11882459110490774
Id_gu6ndcj6av,0.18465095165283965
Id_gwyrreff1l,0.17253496453061892
Id_4o2q94kai0,0.19424021707264352
Id_ojhqai34c1,0.18878492427105897
Id_up1mwe2044,0.10261486238979266
Id_qq7vs8p18n,0.18206274076163928
Id_zsaqnw7d0v,0.2063253672421469
Id_u1s9wohj3g,0.11488407566411811
Id_3l3yas6shm,0.13028220309640756
Id_h9khg197p6,0.16565427476125766
Id_njxg81t45z,0.15148117819046497
Id_sy82hx1uxc,0.19173283478652856
Id_uhgniic5m0,0.10997246167126169
Id_unwg3v9qc6,0.363192907792397
Id_rhe2szyupu,0.14398154465670218
Id_qyjzcejzdd,0.15324689599723412
Id_bcgsrtrilx,0.36096484148046004
Id_jyl9dyazzj,0.13553218216585575
Id_lfnvs5qfs6,0.21102790167603633
Id_s3yov319c8,0.3697280922934186
Id_5wbok9n3l5,0.14996558975426966
Id_uskq3sff9l,0.11140664944213105
Id_spvz4obbqe,0.2842040869202895
Id_nli80qhmqg,0.13136396725677815
Id_sxatj1ojqn,0.8060938652602989
Id_9ptfv38fxh,0.23035724830089577
Id_0uhsp1slil,0.1930115117405004
Id_kfzxv30evr,0.17966852438519543
Id_m2t3i6tlzi,0.11023992094006259
Id_j1jagawqdy,0.1832735602043077
Id_q4bdkw5381,0.10889229101352531
Id_zn4pawmnma,0.12197738859274083
Id_05acjsunpq,0.3035069577994031
Id_xkygecr337,0.17393809010705344
Id_xyxkh063o0,0.19168902375292252
Id_c0yf49nm78,0.16421836451829688
Id_qtor6gujoa,0.39095846241625964
Id_j4o4svirmh,0.13331849351506644
Id_xlqebp699d,0.17483275187764735
Id_3gcdnzj5b1,0.18594806234215458
Id_b2ohkp3p6j,0.1819455568993697
Id_f84xz72m4k,0.1271396281871134
Id_od9hvlhh77,0.751781463463603
Id_qvknbf86my,0.21352894253328283
Id_enx4fslu9v,0.27987989803413416
Id_8m1ji2xuyk,0.1780360452146421
Id_l5cyidvlab,0.3518884920305949
Id_jjuzk7vch1,0.10055633955168876
Id_3rsvtpmh2z,0.30924026766152707
Id_ezpeuh4h34,0.13719636719821526
Id_8xkalpnn9b,0.18196344988535668
Id_njws0dmmap,0.1817446164782367
Id_ablg0vuf2i,0.12208409404288417
Id_njonnfdy2x,0.7957303281972168
Id_5mqaulnqis,0.19610598956493644
Id_membxa89xj,0.3066088739571942
Id_07nyi9izop,0.38685360353336196
Id_ca71pr1it1,0.21079490540783621
Id_5nubb1ma43,0.3117369421951179
Id_p01zyr5l2a,0.41637688418887514
Id_9w9h4l97ka,0.2791217142412999
Id_tje5pa2wxy,0.39889860301376656
Id_69neclh2z3,0.3418676640983972
Id_5k8ojhksgg,0.18220714167580676
Id_xm3rq3y0uh,0.2958681775355982
Id_6neyyqjb2r,0.14903903037633828
Id_wywnr19n4p,0.31229787900076006
Id_u2qttjnzsm,0.13984966659856615
Id_ovypzmzu4y,0.31911825549800366
Id_1bvwmnkj19,0.16639803914008047
Id_7my1jg1kl2,0.16408034325025367
Id_c64h2qnyjl,0.2507683453171667
Id_v7db6tn2bt,0.30561520262244096
Id_schtxsjrf1,0.3108513327395182
Id_ql8jwa0v5a,0.13031513542296502
Id_em2o9pt636,0.15806635262956836
Id_iuur8ruo7v,0.2955855156421812
Id_4upc5tonc8,0.22009454926407734
Id_3h9dhjkh1d,0.34173187676572253
Id_n8i134j8o2,0.2836592518667726
Id_6it5jb1zqa,0.15608853309911147
Id_xr9jxeuilo,0.7997857646360724
Id_v2c60bt345,0.38002128772056387
Id_2zhkja5hbs,0.18675657154356315
Id_zo1sgevzvm,0.2921430102399299
Id_f8bz5b0w0y,0.15722284618171142
Id_w64u7diu2o,0.8259063563760052
Id_mcvnp513t7,0.31273502632180233
Id_rw3i914r26,0.3082454076151279
Id_4ivg6d2xh4,0.19427606862894742
Id_unmbbb3lul,0.3765867921762094
Id_7583xlaqic,0.1647837788180491
Id_efpkwuw2hg,0.2796565446462016
Id_ikcs5rx2ng,0.7937984714609726
Id_p4cktyw3zc,0.22327979393205183
Id_u8010p6ujf,0.18811664668638975
Id_767vv3wcml,0.11662754890819137
Id_nlr3z4mmcj,0.1948003680342484
Id_g9u6ak2ker,0.2789710998487964
Id_yaejn6rk3r,0.3078264729204975
Id_e3skrhusoj,0.3096565270214848
Id_njxuq36qd8,0.17904849761008762
Id_2r5wk4daf8,0.1559077826285171
Id_tjadapg1rz,0.12246148967435942
Id_j0jr8t9mit,0.19876757738217
Id_jzk9ghyuus,0.4362787044664891
Id_vh0l0p8c4d,0.14709686557832316
Id_h5foewd458,0.18456617826656602
Id_pxlslqgio0,0.2073276606616936
Id_hzdz4e1ncr,0.31399259521920153
Id_5um3shrltc,0.14307306049314625
Id_veae94vs7m,0.16352651535565152
Id_pl3apb39si,0.14433939625585765
Id_8zn48jhafx,0.7535132117794174
Id_04ouurkg68,0.1579984549819865
Id_ds66hpnerf,0.2709229255280869
Id_r6rlf1037b,0.14340967923723377
Id_lw71mvsd41,0.15640213831751937
Id_imnv65aq6f,0.19975001817422394
Id_zqhgkgqfkd,0.18428046284737604
Id_ob3o7ll463,0.3025488666698785
Id_2owbmn4nbm,0.1535858796458864
Id_mbmznddedt,0.14323096325662288
Id_gs6felb9x4,0.32254087580834623
Id_65y7x1uz1g,0.15072893737338094
Id_8acrgihb5u,0.1773375930467226
Id_w0rlglb7l4,0.2971032187902532
Id_qmnct8dkea,0.13688311622923247
Id_eprsrsv98a,0.32092511358702147
Id_g4ii28f6by,0.7915821465128129
Id_jkhvuohoxx,0.15887813625538702
Id_umlcarumop,0.4787993560632963
Id_9i3ftn1oxi,0.771740652888158
Id_fr3ddyiehe,0.1882218168050105
Id_lzpfbdsw2f,0.1319875217072408
Id_h019zyw7zy,0.20147820606533334
Id_o43v3bz46n,0.1094822690921948
Id_6lcihhaicc,0.3031813764972908
Id_mxcjtorn2w,0.31321534423604375
Id_iogk84m72d,0.14716557828629048
Id_exoifxvj0s,0.1556762525102596
Id_ixio0xbvta,0.17027269595088612
Id_3vjt2lnwp3,0.24223745707027786
Id_q8na9byk0c,0.39228427145705813
